words,count
like,1826
good,681
marvel,519
great,476
love,437
best,418
well,410
yeah,307
loved,306
better,304
villain,286
pretty,259
sure,256
bad,253
lol,244
definitely,240
emotional,227
die,220
want,201
hard,193
kind,192
friends,179
happy,175
fight,174
sad,171
liked,167
killed,161
death,159
perfect,159
honestly,156
glad,153
dead,152
favorite,151
weird,143
died,143
save,136
funny,131
agree,126
killing,123
cried,121
amazing,120
war,117
yes,117
crying,114
fun,112
hope,109
special,105
super,105
cry,101
cool,97
enjoyed,97
wish,94
top,93
hate,90
jokes,87
cut,87
nice,87
care,87
wrong,82
joke,81
true,80
surprised,79
lost,78
humor,77
worse,77
evil,77
feeling,75
interesting,74
villains,73
leave,72
ok,72
tears,71
strange,68
forced,66
friend,64
played,63
hated,63
easily,62
help,61
horror,60
original,60
fan,60
hilarious,60
fine,60
beautiful,60
playing,59
truly,58
credits,58
thank,56
clearly,56
strong,56
ill,54
worst,53
peacemaker,53
credit,52
hand,51
problem,51
awesome,51
broke,51
stop,50
missed,50
serious,49
fantastic,49
screaming,49
chance,48
cute,48
alone,47
brutal,47
satisfying,46
perfectly,46
straight,46
torture,46
powerful,46
destroyed,46
pain,45
worth,45
miss,45
comedy,45
solid,44
huge,44
dumb,43
thanks,43
poor,43
fighting,43
idk,43
seriously,42
hurts,42
abuse,42
okay,42
alive,42
created,41
haha,41
free,40
clear,40
crazy,40
important,39
trauma,39
hero,39
marvels,39
sweet,39
hoping,39
wars,38
fair,38
play,38
weak,38
suicide,38
please,37
mad,37
enjoy,37
wow,37
attack,36
terrible,36
hurt,36
tragic,36
creations,35
creation,35
excited,35
saved,35
disagree,34
forget,34
threat,34
giving,33
excellent,33
mess,32
matter,32
growth,32
laughed,31
agreed,31
laughing,31
violence,31
easy,31
annoying,31
relief,31
nah,30
holiday,30
escape,30
heartbreaking,30
revenge,29
scream,29
create,29
appreciate,29
cruelty,29
survived,29
certainly,29
low,29
lose,28
odd,28
energy,28
heroes,28
missing,28
sorry,28
fit,28
panic,28
battle,28
laugh,27
confused,27
ready,27
smarter,26
comedic,25
problems,25
certain,25
vision,25
doubt,25
cruel,25
critics,25
awful,24
creative,24
angry,24
gun,24
capable,24
drop,24
shocked,23
silly,23
stopped,23
scary,23
loving,22
focused,22
gag,22
sobbing,22
perfection,22
curious,22
bomb,22
broken,22
tortured,22
heaven,22
badly,21
lack,21
brilliant,21
motivation,21
disappointed,21
intelligent,21
disturbing,21
gross,21
stuck,21
smart,21
horrible,21
respect,21
innocent,21
avoid,21
yep,21
shame,20
depressing,20
messed,20
losing,20
loves,20
actively,20
badass,20
tired,19
argument,19
shoot,19
scared,19
violent,19
insane,19
annoyed,19
upset,18
surprise,18
ability,18
intelligence,18
sadness,18
hug,18
tough,18
win,18
hopefully,18
peace,18
enjoyable,17
protect,17
doom,17
wasted,17
swear,17
idiot,17
terrifying,17
argue,17
effective,17
cares,17
interested,17
worried,17
lazy,17
likes,17
fake,17
faith,17
accept,17
meh,17
intense,16
wonderful,16
horrifying,16
strongest,16
lame,16
desperately,16
anger,16
surprisingly,16
entertaining,16
natural,16
ruined,16
danger,16
honest,15
justice,15
uncomfortable,15
kills,15
painful,15
awkward,15
destroyer,15
destruction,15
traumatic,15
mocking,15
ugh,15
suffer,15
suffering,15
murdered,15
helps,15
fire,14
laughs,14
rage,14
appreciated,14
fear,14
beautifully,14
bittersweet,14
adventure,14
alright,14
prepared,14
hugged,14
falling,14
loss,14
kiss,14
accepting,14
party,14
defeated,14
traumatized,14
admit,14
sick,14
boring,14
tension,13
rescue,13
safe,13
praise,13
avoided,13
value,13
sadly,13
bored,13
unfortunately,13
trust,13
conflict,13
humour,13
stronger,13
share,13
joy,13
convinced,13
cancer,13
freaking,13
sucks,13
dynamic,13
arguably,13
difficult,13
destroy,13
failing,13
clever,13
devastating,12
grief,12
abilities,12
helpless,12
competent,12
damage,12
beating,12
mature,12
shared,12
criticism,12
ridiculous,12
recommend,12
mistake,12
truth,12
creativity,12
bother,12
madness,12
hates,12
heartfelt,12
plays,12
responsible,12
positive,12
friendship,12
inspired,12
security,12
weakest,12
fault,12
cared,11
fresh,11
failed,11
happiness,11
hoped,11
proud,11
join,11
horrific,11
waste,11
abducted,11
support,11
loose,11
lower,11
lying,11
disappointing,11
smile,11
cuts,11
antagonist,11
fired,11
impressed,11
trap,11
ruin,11
pay,11
number,11
opportunity,11
weirdly,11
shock,11
interest,11
enemies,10
easier,10
highlight,10
fights,10
popular,10
complaints,10
pressure,10
freezing,10
masterpiece,10
darkest,10
growing,10
fought,10
allow,10
threatening,10
sympathetic,10
calm,10
sentence,10
struggling,10
superior,10
caring,10
risk,10
advanced,10
screams,9
values,9
prevent,9
fatigue,9
rash,9
liking,9
disliked,9
loses,9
attacked,9
dragged,9
drag,9
reach,9
adventures,9
complaining,9
surprising,9
lovely,9
disappointment,9
matters,9
wreck,9
enemy,9
bizarre,9
bitter,9
trouble,9
daredevil,9
significant,9
obsession,9
obsessed,9
ignoring,9
bold,9
ignored,9
ignore,9
charming,9
bothered,9
committed,9
beaten,9
weapon,9
greater,9
greatest,9
defenseless,9
romance,9
insecure,9
prison,8
saddest,8
impressive,8
treat,8
arguing,8
shocking,8
credited,8
blockbuster,8
critical,8
sob,8
cries,8
destroying,8
limited,8
attacking,8
meaningful,8
stopping,8
dirty,8
strength,8
wise,8
firing,8
rescued,8
weapons,8
reaching,8
fail,8
accepted,8
upsetting,8
failure,8
gained,8
hugging,8
fury,8
hurting,8
freeze,8
freedom,8
combat,8
stops,7
grand,7
fav,7
casually,7
lover,7
disgusting,7
harm,7
crush,7
suffered,7
victims,7
freeing,7
nuts,7
happier,7
murdering,7
negative,7
dangerous,7
wishes,7
overlooked,7
sobbed,7
worthy,7
naive,7
depressed,7
superb,7
stabbed,7
empty,7
injured,7
torn,7
torturing,7
exposed,7
excuse,7
complaint,7
thankfully,7
laughter,7
hatred,7
impression,7
doomed,7
reached,7
importance,7
adorable,7
intimidating,6
gift,6
traumatizing,6
defense,6
unfortunate,6
freed,6
honor,6
injury,6
tops,6
frustrating,6
damnit,6
incompetent,6
funnier,6
nicely,6
improved,6
cutting,6
blind,6
heartbreak,6
abused,6
teased,6
dreams,6
helpful,6
meaningless,6
warning,6
grieving,6
teasing,6
ha,6
manipulation,6
superiority,6
distracting,6
disjointed,6
lovable,6
surely,6
struck,6
weaker,6
dynamics,6
miserable,6
mistakes,6
benefit,6
winning,6
messy,6
heroic,6
beauty,6
grace,6
hide,6
welcome,6
vile,6
childish,6
chilling,6
pleasantly,6
choked,6
resolved,6
creating,6
convince,6
clean,6
satisfied,6
sappy,6
safety,6
sadder,6
chuckles,6
pretending,6
criticisms,6
crushing,6
dream,5
attachment,5
talent,5
chaos,5
abuser,5
confusing,5
abusive,5
thieves,5
dull,5
guilt,5
joker,5
justified,5
accidentally,5
accomplished,5
jokey,5
choke,5
loyal,5
brutally,5
petty,5
convincing,5
glorious,5
maniac,5
forgive,5
grant,5
fighter,5
avoiding,5
screamed,5
granted,5
grateful,5
respective,5
smartest,5
supporting,5
ironic,5
hopes,5
unfair,5
obnoxious,5
helping,5
advantage,5
hesitation,5
rant,5
agreement,5
healthy,5
aggressive,5
crushed,5
inspiration,5
insult,5
handsome,5
violently,5
hahaha,5
complain,5
fatal,5
pretend,5
compelling,5
progress,5
comfort,5
trick,5
escaping,5
ideal,5
promise,5
happily,5
tragedy,5
incapable,5
enjoying,5
importantly,5
trapped,5
heh,5
blah,5
passion,5
bias,5
solution,5
solve,5
sharing,5
spark,5
damned,5
creates,5
defeat,5
funeral,5
crash,5
spirit,5
mocked,5
crime,5
devastated,5
stealing,5
nerd,5
committing,4
insecurity,4
relieved,4
praised,4
favor,4
prominent,4
threaten,4
morons,4
interrupted,4
fatally,4
overwhelmed,4
faults,4
prisoner,4
outstanding,4
insulting,4
embrace,4
improvement,4
risks,4
skeptical,4
unhappy,4
neat,4
exhausted,4
frustration,4
undermined,4
horribly,4
chances,4
blame,4
hopeful,4
blamed,4
ridiculously,4
offense,4
horrified,4
friendly,4
charges,4
adored,4
affected,4
criminal,4
heartwarming,4
horrifically,4
imbecile,4
victim,4
fallen,4
casual,4
entertained,4
benevolent,4
comfortable,4
imperfect,4
romantically,4
humorous,4
furious,4
rich,4
funniest,4
shattered,4
censored,4
ghost,4
distracted,4
pity,4
disturbed,4
supreme,4
success,4
losers,4
successful,4
menace,4
despair,4
desired,4
awkwardly,4
surviving,4
mercy,4
swearing,4
award,4
cheer,4
damaged,4
likeable,4
lighthearted,4
goodness,4
resolve,4
cheers,4
perfectionist,4
peril,4
peaceful,4
nicer,4
criticize,4
strongly,4
destructive,4
discarded,4
shaking,4
lucky,4
struggle,4
struggles,4
forgiveness,4
steal,4
disagreed,4
disagreeing,4
pathetic,4
disappoint,4
grave,4
worship,4
assholes,4
temper,4
abusing,4
tease,4
grim,4
kudos,4
warnings,4
warm,4
warming,4
kidding,4
assault,4
feared,4
freak,4
painfully,4
terrified,4
thankful,4
mindless,4
leak,4
pleasant,4
abduction,4
downside,4
depression,4
attacks,4
tantrum,4
bummer,4
confusion,4
beloved,4
confronted,4
nonsense,4
wasting,4
relax,3
refused,3
freely,3
revive,3
wins,3
vulnerable,3
refuse,3
worrying,3
glory,3
xd,3
gorgeous,3
hating,3
restore,3
haunt,3
weirdness,3
funnily,3
respects,3
worry,3
grimy,3
hateful,3
hater,3
harsh,3
fulfilled,3
villainous,3
haunting,3
regret,3
villainy,3
severely,3
sentimental,3
strangely,3
strengthened,3
strengths,3
stab,3
shockingly,3
panicked,3
panicking,3
stable,3
manipulating,3
sucker,3
suffers,3
longing,3
struggled,3
stunning,3
luck,3
loyalty,3
lowered,3
secure,3
misery,3
misinterpreted,3
silliness,3
nervous,3
optimistic,3
solving,3
smiling,3
noble,3
obliterated,3
slap,3
smiled,3
sincere,3
sin,3
misunderstood,3
painless,3
mistaken,3
misses,3
immortal,3
illegal,3
traumatising,3
ignorant,3
tricked,3
hysterics,3
intellect,3
insulted,3
inferior,3
promised,3
incapacitated,3
punishment,3
unpleasant,3
hiding,3
hurrah,3
hesitate,3
unsure,3
raging,3
unethical,3
tumor,3
hugs,3
romantic,3
horrors,3
unbelievable,3
questioning,3
teaser,3
positives,3
popularity,3
killer,3
pleased,3
legal,3
sympathy,3
tense,3
threatened,3
isolated,3
irrationally,3
irony,3
invincible,3
thwarted,3
satisfy,3
terribly,3
terrific,3
joyful,3
joking,3
jj,3
accepts,3
fails,3
failures,3
disagreement,3
fascinating,3
disgusted,3
dislike,3
expands,3
attraction,3
active,3
corpse,3
fascist,3
battles,3
block,3
criminals,3
crappy,3
desire,3
eager,3
enjoyment,3
entertainment,3
agrees,3
entitled,3
agonizing,3
dumped,3
antagonists,3
dumbed,3
commit,3
expand,3
bullied,3
effectively,3
escapes,3
arguments,3
brave,3
arrogant,3
exhausting,3
affection,3
anxiety,3
anxious,3
bright,3
drags,3
admitted,3
foe,3
cherish,3
champ,3
challenge,3
cheat,3
cutest,3
challenged,3
cynical,3
charged,3
darkness,3
fond,3
definite,3
biased,3
dear,3
severe,2
betray,2
thrilled,2
appreciation,2
sentences,2
dread,2
dreading,2
apologized,2
betrayed,2
apocalyptic,2
seriousness,2
notorious,2
terrorist,2
brainwashing,2
blaming,2
distract,2
distressing,2
spirited,2
shameless,2
kissing,2
spite,2
launched,2
perfected,2
arrest,2
irritating,2
irritated,2
eerie,2
invulnerable,2
positivity,2
confident,2
trembling,2
amazed,2
turmoil,2
powerless,2
egotism,2
egotistical,2
selfish,2
annoy,2
annoyance,2
keen,2
jealous,2
contagious,2
tortures,2
torturous,2
kindness,2
dump,2
anti,2
dumbest,2
joked,2
jeopardy,2
traumas,2
ease,2
jealousy,2
playfully,2
pleasure,2
tragedies,2
anguished,2
angrily,2
novel,2
slam,2
succeed,2
desperate,2
desperation,2
destroys,2
melancholic,2
opportunities,2
critic,2
sobs,2
merits,2
stupidity,2
backing,2
successes,2
backs,2
sinister,2
devoted,2
backed,2
creatively,2
obnoxiously,2
successfully,2
succession,2
mourning,2
misunderstanding,2
misread,2
crude,2
smh,2
demanded,2
smarts,2
mocks,2
steals,2
offended,2
delayed,2
crueler,2
bliss,2
cruelly,2
delightful,2
stubborn,2
bloody,2
bless,2
defensive,2
denying,2
miserably,2
stress,2
tantrums,2
attractive,2
loser,2
lovers,2
courage,2
lows,2
talented,2
murders,2
solutions,2
shook,2
somber,2
dearly,2
looming,2
bothering,2
bothers,2
lonely,2
lylas,2
surprises,2
stampede,2
difficulty,2
disappoints,2
madly,2
disappeared,2
madder,2
bonus,2
suspect,2
suspicion,2
significance,2
integrity,2
cancelled,2
rotten,2
hesitant,2
worn,2
cancel,2
restored,2
punisher,2
accused,2
questionable,2
questioned,2
wonderfully,2
heroism,2
heavenly,2
expel,2
hostile,2
vague,2
comforting,2
useless,2
adventuring,2
vain,2
rude,2
respectful,2
honesty,2
gentle,2
gently,2
hopelessly,2
exaggerate,2
exaggerating,2
valuable,2
honorable,2
grandeur,2
favorites,2
weaponry,2
cleared,2
risked,2
abandoning,2
weakened,2
cautious,2
weakness,2
guilty,2
rewarded,2
reward,2
grieve,2
ffs,2
guarantee,2
haunted,2
wishing,2
emergency,2
haters,2
extend,2
clueless,2
heartbroken,2
accident,2
acceptance,2
warmed,2
harmed,2
reckless,2
robber,2
hapless,2
refusing,2
savage,2
immune,2
compassion,2
forgotten,2
rejection,2
scare,2
agony,2
freaked,2
frustrated,2
frantically,2
frantic,2
innocence,2
entertain,2
enjoys,2
remarkable,2
unbiased,2
cheated,2
cheating,2
ensuring,2
rejects,2
impress,2
charm,2
improving,2
fu,2
improve,2
challenging,2
encourage,2
fool,2
prejudice,2
pride,2
ty,2
remorseless,2
hysterical,2
uncontrollable,2
uncontrollably,2
ideally,2
regrets,2
pressuring,2
promising,2
regretted,2
cheerful,2
sabotage,2
cheering,2
praising,2
intact,2
indifferent,2
inspire,2
uncomfortably,2
complained,2
frightening,2
unclear,2
profit,2
unsettled,2
error,2
repetitive,1
sorrow,1
blurry,1
sorrowful,1
revenger,1
revengers,1
censor,1
respectfully,1
solemn,1
sneaky,1
restless,1
smug,1
challenges,1
resenting,1
resolute,1
resentment,1
blocked,1
retreat,1
bitterly,1
champions,1
soothe,1
bitterness,1
repressed,1
celebrate,1
celebrating,1
solves,1
restricted,1
blocks,1
smiles,1
blames,1
safely,1
safer,1
safest,1
brutality,1
selfishly,1
brutalizing,1
shake,1
shaky,1
sadden,1
brightness,1
brisk,1
brutalized,1
scorn,1
scam,1
scoop,1
bully,1
burden,1
burdened,1
bullying,1
secured,1
satisfyingly,1
satisfaction,1
scumbag,1
satisfies,1
sigh,1
carefully,1
carefree,1
rob,1
boldness,1
singleminded,1
rewarding,1
riot,1
ridiculousness,1
calms,1
calmly,1
calming,1
calmed,1
shares,1
ruins,1
ruining,1
bore,1
cancelling,1
usefulness,1
useful,1
unworthy,1
validating,1
validated,1
validate,1
admire,1
admired,1
admits,1
adore,1
admirably,1
agonised,1
agreeing,1
unintelligent,1
aggressively,1
unwelcome,1
unsuccessful,1
unstoppable,1
unstable,1
aching,1
vicious,1
valued,1
adequate,1
unimpressed,1
truthfully,1
tx,1
truer,1
amaze,1
troubles,1
troubled,1
trivial,1
triumphs,1
triumphantly,1
triumph,1
underestimated,1
alarm,1
unease,1
alert,1
ugliness,1
uglier,1
alas,1
vulture,1
wth,1
witch,1
worrisome,1
zealot,1
winner,1
abandon,1
abhorrent,1
aboard,1
weeping,1
weep,1
weary,1
abusers,1
acceptable,1
accidental,1
accidents,1
warned,1
warn,1
warms,1
weepy,1
whined,1
willingness,1
welling,1
welcoming,1
welcomed,1
weirdos,1
weirdest,1
weirder,1
wept,1
stupidly,1
stunned,1
succeeds,1
subversive,1
substantial,1
successor,1
stressing,1
bastards,1
strain,1
stressful,1
barrier,1
strongman,1
strikes,1
successive,1
axe,1
supremely,1
axed,1
swears,1
avoidance,1
avoids,1
awarded,1
awards,1
sulking,1
sunshine,1
betraying,1
benefitted,1
stabs,1
stealthy,1
stealth,1
stealer,1
stink,1
battling,1
stolen,1
belittled,1
starving,1
starved,1
startling,1
thx,1
apologize,1
apologizing,1
appreciating,1
thoughtful,1
argumentative,1
appreciates,1
threatens,1
appease,1
applaud,1
applause,1
thrilling,1
threats,1
angrier,1
traumatize,1
traumatised,1
toothless,1
toughest,1
tougher,1
totalitarian,1
torturer,1
attracted,1
teases,1
teasers,1
attachments,1
talents,1
authority,1
arrogance,1
thief,1
arrested,1
terrorists,1
terror,1
assure,1
assured,1
astonished,1
astounded,1
asset,1
terrify,1
assassination,1
assaulting,1
dynamite,1
dysfunction,1
earnest,1
jocular,1
dynamism,1
dwelling,1
joyously,1
jaded,1
ecstatic,1
eased,1
easiest,1
kinder,1
dubious,1
killings,1
dud,1
drowned,1
jw,1
duped,1
dumping,1
dumps,1
dumpster,1
encouraging,1
encouraged,1
inspiring,1
inspirational,1
insincerely,1
injustice,1
infected,1
increased,1
increase,1
engage,1
inconvenience,1
engaged,1
engaging,1
energetic,1
indestructible,1
egotist,1
intimidation,1
interrupting,1
isolation,1
irritate,1
irresponsible,1
embarrasses,1
embarrassing,1
embittered,1
intellectual,1
interests,1
disorder,1
dismayed,1
loom,1
dismal,1
disliking,1
luckily,1
lowly,1
lowers,1
disdain,1
disguised,1
disgust,1
disgusts,1
dishonest,1
loathe,1
loathed,1
disputes,1
disregarded,1
disrespect,1
dignity,1
manipulated,1
maniacs,1
maniacal,1
disaster,1
discard,1
lulz,1
dire,1
disappear,1
disappears,1
drained,1
lawsuit,1
laughable,1
dreary,1
lamest,1
laments,1
lament,1
distracts,1
lies,1
libertarians,1
distress,1
disturbs,1
diving,1
dizzy,1
legally,1
dorky,1
doubted,1
doubtful,1
doubting,1
doubts,1
dominating,1
enjoyers,1
gossip,1
gracing,1
glum,1
glorified,1
fearing,1
fears,1
fave,1
favorable,1
ff,1
feudal,1
greeted,1
greedy,1
fiasco,1
gravelly,1
gratitude,1
grievances,1
festival,1
grosser,1
grossed,1
ferocious,1
grin,1
glee,1
foolish,1
fume,1
fools,1
fulfill,1
funneled,1
fondness,1
fondly,1
gains,1
gaining,1
foes,1
gain,1
fyi,1
frees,1
forgiving,1
freebie,1
freaks,1
fortunate,1
forgetful,1
frustratingly,1
frustrate,1
friendliest,1
forgave,1
flatter,1
flattering,1
flees,1
giggle,1
giggled,1
gladly,1
flagship,1
generous,1
flop,1
evilest,1
evilness,1
humiliated,1
hurtful,1
humourous,1
ethical,1
humiliation,1
humiliating,1
excelled,1
excitement,1
exciting,1
horrendous,1
hopelessness,1
honours,1
exasperated,1
entrusted,1
envying,1
inability,1
impressively,1
enraged,1
impressing,1
impotent,1
ensure,1
entertains,1
enthusiastic,1
idiotic,1
ideals,1
idealized,1
errors,1
ignores,1
ignorance,1
harsher,1
haunts,1
fab,1
fabulous,1
fascinated,1
fascination,1
hail,1
happiest,1
hides,1
hid,1
heros,1
hesitating,1
hesitated,1
exhaustion,1
heartless,1
exposing,1
heavens,1
helplessly,1
exploration,1
praises,1
comprehensive,1
postpone,1
confronting,1
confronts,1
congratulations,1
confidence,1
confrontational,1
poised,1
poisoned,1
poisoning,1
confidently,1
conflicts,1
confront,1
confrontation,1
prevented,1
compelled,1
pretends,1
prize,1
commitment,1
commits,1
problematic,1
precious,1
compliment,1
praying,1
pressured,1
complains,1
pleases,1
perfecting,1
perfectionism,1
convincingly,1
perplexed,1
passionate,1
partying,1
peacekeeper,1
pleasantry,1
contempt,1
contend,1
contender,1
playful,1
considerate,1
constrained,1
controversial,1
contradiction,1
contradicts,1
recommended,1
rebelling,1
reaches,1
rebel,1
chuckle,1
chuckled,1
chuckling,1
rejoicing,1
rejected,1
remorseful,1
reluctant,1
reluctance,1
cheered,1
cheerfully,1
collapse,1
collapsed,1
qq,1
comforts,1
promoting,1
protest,1
comedian,1
comedians,1
comedically,1
rancid,1
classy,1
rants,1
cleaner,1
moody,1
degrades,1
defects,1
defence,1
defender,1
defenders,1
defensiveness,1
molesting,1
defected,1
demanding,1
delicious,1
deliciously,1
delighted,1
mock,1
nasty,1
dedicated,1
decisive,1
murderous,1
decay,1
deceitful,1
medal,1
devastatingly,1
devastation,1
despise,1
despised,1
melancholy,1
detached,1
detention,1
mediocrity,1
miracle,1
deny,1
merry,1
merit,1
depressive,1
deprived,1
derailed,1
optimism,1
crediting,1
crazed,1
crazier,1
cowardly,1
oxymoron,1
coward,1
painlessly,1
courtesy,1
outrage,1
oversimplification,1
cutesy,1
darlings,1
neatly,1
daring,1
nerdy,1
dangers,1
neglecting,1
needy,1
cruelest,1
obstacles,1
obstacle,1
obsessively,1
obliterate,1
nurture,1
crueller,1
offensive,1
offenders,1
nurturing,1
numb,1
cuteness,1
curse,1
